"longseq","regne","repliement","isoelec","poidsmol","hydro","genre"
200,"Viridiplantae","-0.0835869","6.1399999","20295.8008","-1.0180905","Oryza"
153,"Viridiplantae","-0.1659534","9.3100004","15909.3203","-1.2745098","Pseudotsuga"
132,"Viridiplantae","-0.2853720","9.4399996","14103.7598","-1.5803030","Pinus"
143,"Viridiplantae","-0.1855139","8.6999998","15209.6104","-1.3573427","Pinus"
144,"Viridiplantae","-0.2060405","9.3100004","15422.8604","-1.4013889","Pinus"
143,"Viridiplantae","-0.1803197","8.6999998","15237.6699","-1.3405594","Pinus"
143,"Viridiplantae","-0.2015961","9.3100004","15294.7100","-1.3867133","Pinus"
143,"Viridiplantae","-0.1885442","8.6999998","15257.6504","-1.3671329","Pinus"
177,"Viridiplantae","-0.2382716","7.0500002","18800.1602","-1.5322034","Pinus"
177,"Viridiplantae","-0.2302297","7.0500002","18842.2402","-1.5062147","Pinus"
176,"Viridiplantae","-0.2395908","7.0500002","18713.0703","-1.5363636","Pinus"
177,"Viridiplantae","-0.2426426","7.0500002","18830.1895","-1.5463277","Pinus"
176,"Viridiplantae","-0.2413488","7.0500002","18747.0898","-1.5420455","Pinus"
187,"Viridiplantae","-0.2540900","6.6500001","19892.4004","-1.5497326","Pinus"
180,"Metazoa","-0.1549752","6.4400001","20667.8809","-1.2633333","Polypedilum"
484,"Metazoa","0.1176118","5.3299999","54509.9609","-0.3402893","Polypedilum"
224,"Viridiplantae","-0.1218107","9.3599997","23212.4297","-1.1308036","Triticum"
211,"Viridiplantae","-0.1373009","9.3800001","21853.7891","-1.1781991","Triticum"
211,"Viridiplantae","0.0116455","6.3899999","22080.3906","-0.7274882","Triticum"
105,"Viridiplantae","-0.4239426","7.7800002","11864.5498","-2.1504762","Capsicum"
97,"Viridiplantae","0.0534226","10.4099998","10387.0303","-0.4412371","Solanum"
168,"Viridiplantae","-0.0809405","10.0500002","17139.3906","-0.9458333","Glycine"
170,"Viridiplantae","-0.0946205","10.0100002","17360.5996","-0.9911765","Glycine"
165,"Viridiplantae","-0.0826745","10.0100002","16848.9199","-0.9496970","Glycine"
165,"Viridiplantae","-0.0751702","10.0100002","16737.7500","-0.9254545","Glycine"
168,"Viridiplantae","-0.0895398","9.8900003","17169.3809","-0.9928571","Glycine"
168,"Viridiplantae","-0.0879970","10.1800003","17137.4199","-0.9494048","Glycine"
165,"Viridiplantae","-0.0890497","10.0100002","16771.7891","-0.9703030","Glycine"
168,"Viridiplantae","-0.0818606","10.0900002","17075.2305","-0.9488095","Glycine"
83,"Viridiplantae","-0.2809380","6.3800001","9183.1396","-1.6493976","Picea"
97,"Viridiplantae","0.1288999","10.1000004","10572.4199","-0.2639175","Citrus"
133,"Viridiplantae","-0.1002034","9.3000002","14609.3096","-1.0556391","Glycine"
133,"Viridiplantae","-0.1057155","8.6899996","14711.4004","-1.0977443","Glycine"
133,"Viridiplantae","-0.1332444","9.3199997","14667.3096","-1.1624060","Glycine"
133,"Viridiplantae","-0.1347863","9.8000002","14682.4102","-1.1187969","Glycine"
133,"Viridiplantae","-0.1406034","9.8000002","14712.4404","-1.1375940","Glycine"
133,"Viridiplantae","-0.1247065","9.5699997","14794.5303","-1.1105263","Glycine"
133,"Viridiplantae","-0.1347137","9.6000004","14740.4404","-1.1428571","Glycine"
133,"Viridiplantae","-0.1286642","9.6000004","14724.4404","-1.1233083","Glycine"
133,"Viridiplantae","-0.1164053","9.8000002","14668.4199","-1.0593985","Glycine"
133,"Viridiplantae","-0.1286642","9.6000004","14724.4404","-1.1233083","Glycine"
133,"Viridiplantae","-0.1502162","9.9200001","14695.4404","-1.1443609","Glycine"
133,"Viridiplantae","-0.1281246","9.3000002","14729.4102","-1.1458647","Glycine"
133,"Viridiplantae","-0.1332423","9.3000002","14715.3896","-1.1624060","Glycine"
133,"Viridiplantae","-0.1340869","9.8000002","14638.3604","-1.1165414","Glycine"
133,"Viridiplantae","-0.1344813","9.6000004","14754.4697","-1.1421053","Glycine"
133,"Viridiplantae","-0.1161003","9.6000004","14740.4805","-1.0827068","Glycine"
131,"Viridiplantae","-0.1305356","9.6000004","14571.2002","-1.1282443","Glycine"
131,"Viridiplantae","-0.1312435","9.6000004","14557.1797","-1.1305344","Glycine"
131,"Viridiplantae","-0.1357923","10.1300001","14512.3398","-1.0465649","Glycine"
131,"Viridiplantae","-0.1225059","9.6000004","14630.3398","-1.1022902","Glycine"
131,"Viridiplantae","-0.1180158","9.6000004","14526.1299","-1.0877863","Glycine"
128,"Viridiplantae","-0.1493189","9.9499998","14265.9102","-1.1367188","Glycine"
128,"Viridiplantae","-0.1602885","9.6099997","14400.0195","-1.2226562","Glycine"
128,"Viridiplantae","-0.1415064","9.8000002","14266.8896","-1.1367188","Glycine"
128,"Viridiplantae","-0.1580974","10.0500002","14279.9805","-1.1398438","Glycine"
131,"Viridiplantae","-0.1498166","9.9200001","14604.3096","-1.1412214","Glycine"
128,"Viridiplantae","-0.1338621","9.3299999","14385.0000","-1.1625000","Glycine"
128,"Viridiplantae","-0.1711521","10.0500002","14263.9404","-1.1820313","Glycine"
172,"Viridiplantae","-0.1089388","9.7299995","17328.6094","-1.0761628","Oryza"
95,"Viridiplantae","0.0022207","10.5100002","10520.2002","-0.6031579","Picea"
152,"Viridiplantae","-0.0980464","10.1899996","15583.5195","-0.9697368","Glycine"
316,"Viridiplantae","-0.1386942","5.8800001","35346.5781","-1.1775316","Glycine"
138,"Viridiplantae","-0.2886422","6.6199999","15234.6904","-1.6195652","Citrus"
86,"Viridiplantae","-0.2009339","9.3800001","9307.5000","-1.3546512","Phaseolus"
164,"Viridiplantae","0.1149942","4.3699999","18031.9805","-0.1920732","Capsicum"
151,"Viridiplantae","0.2125643","4.5200000","16545.0996","0.0562914","Arabidopsis"
151,"Viridiplantae","0.2516250","5.8899999","16271.1104","0.0754967","Craterostigma"
175,"Viridiplantae","0.1063835","4.4800000","19353.6094","-0.2520000","Capsicum"
135,"Viridiplantae","-0.2347212","10.0100002","14692.0498","-1.4192593","Gossypium"
413,"Viridiplantae","-0.1369777","6.5100002","41667.9609","-1.1370460","Lophopyrum"
156,"Viridiplantae","-0.1114303","8.7200003","15913.6504","-1.1198719","Lophopyrum"
124,"Viridiplantae","-0.1194996","6.6999998","12764.7197","-1.1145161","Lophopyrum"
124,"Viridiplantae","-0.1406993","6.1399999","12735.6201","-1.1048387","Lophopyrum"
213,"Viridiplantae","-0.0979034","9.5600004","21822.9004","-1.0361502","Hordeum"
742,"Metazoa","0.0371885","7.9699998","83297.4922","-0.6428571","Polypedilum"
134,"Viridiplantae","-0.1032726","9.3500004","14892.8203","-1.0417910","Arabidopsis"
218,"Viridiplantae","0.1226223","4.6599998","22583.3105","-0.2655963","Arabidopsis"
181,"Viridiplantae","0.3440439","10.3100004","19519.3105","0.4563536","Glycine"
643,"Viridiplantae","-0.0234918","6.0500002","67887.3438","-0.8161742","Glycine"
109,"Viridiplantae","-0.1094781","8.7299995","11372.0303","-1.1045872","Corylus"
87,"Viridiplantae","-0.0661593","6.6199999","9132.2598","-0.9942529","Corylus"
137,"Viridiplantae","-0.2850595","6.6199999","15092.5000","-1.6072993","Citrus"
165,"Viridiplantae","0.0330177","6.1300001","19001.8809","-0.6345455","Hordeum"
146,"Viridiplantae","-0.1488050","10.0500002","15129.8496","-1.1506850","Hordeum"
183,"Viridiplantae","-0.1756473","8.9200001","20764.5898","-1.2950820","Fagus"
208,"Viridiplantae","0.0049335","9.7700005","23262.4805","-0.6557692","Cynodon"
183,"Viridiplantae","-0.0461190","7.2800002","18493.5703","-0.9295082","Bromus"
170,"Viridiplantae","-0.2650308","10.2700005","18153.3809","-1.4088235","Bromus"
149,"Viridiplantae","-0.1269754","8.7100000","15358.9697","-1.1691275","Daucus"
222,"Viridiplantae","-0.0988161","9.2399998","22291.5098","-1.0707207","Hordeum"
222,"Viridiplantae","-0.0879433","9.2399998","22218.4492","-1.0355856","Hordeum"
225,"Viridiplantae","-0.0813071","8.6599998","22576.9297","-1.0288889","Hordeum"
112,"Viridiplantae","0.0649658","9.9600000","12343.5098","-0.4839286","Picea"
247,"Viridiplantae","-0.0833727","8.6599998","24751.6191","-1.0368421","Hordeum"
227,"Viridiplantae","-0.0885515","8.6599998","22863.2500","-1.0524229","Hordeum"
191,"Viridiplantae","-0.0709930","9.6300001","18985.5898","-0.9591623","Hordeum"
184,"Viridiplantae","-0.0587795","9.3500004","18231.6504","-0.9353261","Hordeum"
181,"Viridiplantae","-0.0739523","9.8299999","18096.5801","-0.9480663","Hordeum"
191,"Viridiplantae","-0.0695349","9.6300001","18971.6191","-0.9544503","Hordeum"
184,"Viridiplantae","-0.0601251","9.3500004","18241.6895","-0.9396739","Hordeum"
184,"Viridiplantae","-0.0702701","9.6300001","18341.8008","-0.9548913","Hordeum"
191,"Viridiplantae","-0.0656461","9.6300001","18999.6797","-0.9418848","Hordeum"
194,"Viridiplantae","-0.0484032","9.3500004","19173.9102","-0.9036082","Hordeum"
194,"Viridiplantae","-0.0434079","8.7100000","19114.7695","-0.9041237","Hordeum"
194,"Viridiplantae","-0.0444152","9.3500004","19143.8809","-0.8907216","Hordeum"
183,"Viridiplantae","-0.0632424","8.7100000","18232.6191","-0.9672131","Hordeum"
181,"Viridiplantae","-0.0903653","9.8299999","18074.4805","-1.0011050","Hordeum"
191,"Viridiplantae","-0.0708817","9.8299999","18998.6992","-0.9418848","Hordeum"
261,"Viridiplantae","-0.2685800","4.6100001","29362.0898","-1.3264368","Capsella"
185,"Viridiplantae","-0.1086447","6.4499998","19390.6797","-1.0616215","Arabidopsis"
111,"Bacteria","0.3896662","11.2399998","12956.2305","0.7990991","Marinomonas"
172,"Viridiplantae","-0.1312528","7.6199999","17783.7500","-1.2046512","Coffea"
175,"Viridiplantae","-0.1475512","8.6000004","18081.0898","-1.2388572","Coffea"
162,"Viridiplantae","-0.1526881","6.6500001","17403.2891","-1.2339506","Coffea"
162,"Viridiplantae","-0.1393167","6.5999999","17379.3008","-1.1907407","Coffea"
162,"Viridiplantae","-0.1572730","6.6500001","17447.3496","-1.2487653","Coffea"
417,"Fungi","0.0991044","5.2800002","47919.1914","-0.3904077","Botryotinia"
472,"Viridiplantae","-0.0120996","8.5799999","51898.0508","-0.7989407","Hordeum"
229,"Viridiplantae","-0.2328430","4.6199999","25898.3496","-1.2930131","Plantago"
138,"Fungi","0.0444391","9.8900003","14190.1299","-0.4963768","Aspergillus"
1509,"Fungi","-0.1342475","4.1100001","159774.8750","-0.8652087","Aspergillus"
150,"Viridiplantae","-0.1141921","9.8900003","15163.8203","-1.0633333","Aegilops"
149,"Viridiplantae","-0.1222515","10.0500002","15107.8398","-1.0671141","Triticum"
124,"Viridiplantae","-0.2471013","9.4300003","13241.4102","-1.5008065","Vitis"
130,"Viridiplantae","-0.2298627","9.7299995","13961.4102","-1.4238462","Vitis"
723,"Viridiplantae","0.3095081","9.8299999","82204.3516","0.3047026","Brassica"
678,"Viridiplantae","0.3128156","9.6199999","76856.3594","0.2971976","Brassica"
199,"Viridiplantae","-0.2720559","6.7100000","23537.0293","-1.6271358","Solanum"
177,"Viridiplantae","-0.2170091","9.1999998","19103.3691","-1.4451977","Cicer"
155,"Viridiplantae","-0.2388280","9.5500002","16743.4492","-1.4896774","Cicer"
159,"Viridiplantae","-0.1388376","7.0599999","16718.4297","-1.2088050","Codonopsis"
169,"Viridiplantae","-0.0767854","5.8299999","17530.4297","-1.0094675","Triticum"
101,"Viridiplantae","-0.2583781","8.1700001","10889.6504","-1.5514851","Vaccinium"
108,"Viridiplantae","-0.3267449","8.6700001","11757.4805","-1.8064815","Vaccinium"
112,"Viridiplantae","-0.0691211","5.3200002","11911.6396","-0.8883929","Oryza"
180,"Viridiplantae","-0.1946232","5.5900002","19586.9102","-1.2477778","Quercus"
112,"Viridiplantae","-0.2023751","9.9799995","12248.3203","-1.2901787","Quercus"
290,"Viridiplantae","-0.1474870","5.5999999","30926.4102","-1.1010345","Oryza"
202,"Viridiplantae","-0.1456531","8.5799999","21450.2695","-1.2351485","Prunus"
91,"Viridiplantae","-0.2107350","4.9499998","9905.1504","-1.3549451","Arachis"
130,"Viridiplantae","-0.2432664","9.9300003","13902.2998","-1.4423077","Vitis"
130,"Viridiplantae","-0.2408120","9.7299995","13919.3301","-1.4592308","Vitis"
73,"Viridiplantae","-0.2746190","4.6799998","8138.9600","-1.4465753","Capsicum"
145,"Viridiplantae","-0.1687471","7.0000000","15812.1602","-1.3034483","Gossypium"
165,"Viridiplantae","-0.1819466","5.7700000","17490.0605","-1.3096970","Gossypium"
264,"Viridiplantae","0.1347406","4.5700002","26915.7695","-0.2348485","Gossypium"
136,"Viridiplantae","-0.1557680","7.4400001","14616.0195","-1.2838235","Gossypium"
113,"Viridiplantae","-0.3641200","6.5300002","12536.2100","-1.8141593","Glycine"
314,"Viridiplantae","-0.2684610","6.7199998","34279.8203","-1.6171975","Vaccinium"
160,"Viridiplantae","-0.0573508","8.7500000","15972.7998","-0.9456250","Triticum"
255,"Viridiplantae","-0.1924594","6.5900002","27091.8496","-1.3517647","Pisum"
198,"Viridiplantae","-0.1843377","6.0000000","20849.2305","-1.2782828","Pisum"
232,"Viridiplantae","-0.1691923","6.4099998","24493.7793","-1.2715517","Pisum"
232,"Viridiplantae","-0.1663404","6.0700002","23950.8906","-1.2344828","Pisum"
111,"Viridiplantae","-0.1356718","9.7299995","11682.5703","-1.1315315","Craterostigma"
226,"Viridiplantae","-0.0962186","5.2700000","24473.0195","-1.0199115","Morus"
197,"Viridiplantae","-0.1490244","8.1700001","20577.4902","-1.2456853","Panax"
287,"Viridiplantae","-0.1374262","4.9099998","31316.4707","-1.1006969","Arabidopsis"
101,"Viridiplantae","-0.3241601","7.1300001","10776.1396","-1.7960396","Panax"
96,"Viridiplantae","-0.3218107","6.7800002","10166.3896","-1.7531250","Panax"
218,"Viridiplantae","-0.2587162","4.6300001","24510.1406","-1.3348624","Panax"
174,"Viridiplantae","-0.1352011","9.6899996","18156.2793","-1.1431034","Panax"
196,"Viridiplantae","-0.1469625","6.6999998","20389.1797","-1.2224489","Panax"
229,"Viridiplantae","-0.2144503","6.0500002","25933.2793","-1.4170306","Panax"
377,"Metazoa","-0.0430679","9.9099998","42393.0117","-0.8167109","Xenopus"
245,"Viridiplantae","-0.2682111","6.9699998","26920.2891","-1.6208163","Picea"
91,"Viridiplantae","-0.2194644","5.3699999","10114.4404","-1.3120879","Craterostigma"
88,"Viridiplantae","-0.1177185","4.4899998","8960.8799","-0.9772727","Physcomitrella"
110,"Viridiplantae","-0.1845729","5.2700000","11973.6504","-1.3181818","Gossypium"
200,"Viridiplantae","-0.0696899","6.5599999","20554.1602","-0.9895000","Oryza"
535,"Viridiplantae","-0.3112862","5.9699998","61524.1016","-1.5930841","Spinacia"
95,"Viridiplantae","-0.2204777","8.1700001","10340.7002","-1.4589474","Arachis"
195,"Viridiplantae","-0.1741243","5.8499999","20405.4902","-1.2271795","Cicer"
164,"Viridiplantae","-0.1116131","9.9399996","16563.6094","-1.0426829","Oryza"
164,"Viridiplantae","-0.1070269","9.7700005","16735.8691","-1.0475610","Oryza"
151,"Viridiplantae","-0.1646507","9.6700001","15554.0996","-1.2483444","Oryza"
158,"Viridiplantae","-0.0395905","9.9700003","16176.2695","-0.8265823","Arabidopsis"
98,"Viridiplantae","-0.1172781","6.2300000","11477.9297","-1.0275511","Atriplex"
223,"Viridiplantae","0.2005247","6.3800001","24163.6699","-0.1179372","Atriplex"
242,"Viridiplantae","-0.1602738","6.2600002","25372.4492","-1.2049587","Glycine"
126,"Viridiplantae","-0.0904440","9.9099998","13736.2998","-0.9444444","Arachis"
149,"Viridiplantae","-0.1970110","10.4600000","15768.5898","-1.2436242","Triticum"
221,"Viridiplantae","-0.1445212","9.3500004","22761.8301","-1.2036200","Zea"
130,"Viridiplantae","-0.2047834","6.0900002","13950.3203","-1.3676924","Solanum"
107,"Viridiplantae","0.1539261","4.0599999","11433.5195","-0.0112150","Arabidopsis"
280,"Viridiplantae","0.0200192","6.2800002","29562.9609","-0.7042857","Arabidopsis"
168,"Viridiplantae","-0.0807549","10.0500002","17086.3301","-0.9452381","Glycine"
167,"Viridiplantae","-0.0842927","9.8599997","17021.0898","-0.9754491","Glycine"
173,"Viridiplantae","-0.0961804","10.1099997","17608.9199","-0.9791908","Glycine"
168,"Viridiplantae","-0.0903333","10.0500002","17074.2793","-0.9761905","Glycine"
165,"Viridiplantae","-0.0806120","10.0100002","16828.9297","-0.9430303","Glycine"
170,"Viridiplantae","-0.0807856","10.0100002","17414.7402","-0.9464706","Glycine"
165,"Viridiplantae","-0.0759230","10.0100002","16798.9004","-0.9278788","Glycine"
168,"Viridiplantae","-0.0895398","9.8900003","17169.3809","-0.9928571","Glycine"
165,"Viridiplantae","-0.0921109","10.1400003","16923.0391","-0.9606061","Glycine"
161,"Viridiplantae","-0.0896365","10.1400003","16507.6191","-0.9496894","Glycine"
170,"Viridiplantae","-0.0911622","10.0100002","17356.5898","-0.9800000","Glycine"
168,"Viridiplantae","-0.0849921","10.0500002","17113.3809","-0.9589286","Glycine"
165,"Viridiplantae","-0.0926145","10.0100002","16806.8398","-0.9818182","Glycine"
391,"Viridiplantae","-0.1060751","7.1500001","38903.8906","-1.0984654","Triticum"
159,"Viridiplantae","-0.0347101","10.0100002","16145.2002","-0.8113208","Sisymbrium"
210,"Viridiplantae","-0.2952190","4.9499998","23802.3809","-1.5190476","Solanum"
154,"Viridiplantae","-0.2425203","6.4800000","16652.4004","-1.4383117","Ammopiptanthus"
95,"Viridiplantae","0.0776717","9.8999996","10210.7998","-0.4273684","Arachis"
158,"Viridiplantae","-0.0782973","9.6599998","15960.7803","-0.9721519","Triticum"
150,"Viridiplantae","-0.1206509","10.0500002","15164.9102","-1.0626667","Triticum"
176,"Viridiplantae","0.1314951","6.4499998","19209.3594","-0.3187500","Pennisetum"
575,"Viridiplantae","-0.1354813","6.7199998","58560.9102","-1.1620870","Hordeum"
256,"Viridiplantae","0.1085112","5.2700000","26829.6094","-0.3414062","Arabidopsis"
113,"Viridiplantae","0.0633479","10.5799999","12284.5498","-0.4327434","Glycine"
165,"Viridiplantae","0.2059578","4.4299998","17397.0195","0.0418182","Salvia"
147,"Viridiplantae","0.2000471","5.7399998","15931.3896","-0.0680272","Euphorbia"
151,"Viridiplantae","0.1862513","4.9099998","16882.6406","-0.0715232","Pseudotsuga"
344,"Viridiplantae","0.0635086","4.8499999","38455.5586","-0.4343023","Sesuvium"
105,"Viridiplantae","0.0865028","9.6700001","11365.1904","-0.4085714","Gossypium"
160,"Viridiplantae","0.1347133","4.4200001","17637.4902","-0.1431250","Solanum"
195,"Viridiplantae","0.0576510","9.3900003","19101.7500","-0.5610256","Daucus"
151,"Metazoa","0.0668369","8.8500004","16129.0498","-0.5430464","Ixodes"
96,"Metazoa","0.1189291","8.1899996","9897.5000","-0.3625000","Ixodes"
174,"Viridiplantae","0.1883546","4.9099998","18839.8301","-0.0045977","Arabidopsis"
178,"Viridiplantae","-0.0486933","8.6099997","18175.3594","-0.9196629","Triticum"
169,"Viridiplantae","-0.0686045","5.3299999","17515.4102","-0.9639053","Triticum"
177,"Viridiplantae","-0.0064930","4.6900001","18327.8809","-0.7101695","Triticum"
225,"Viridiplantae","-0.3230673","4.9699998","25553.4902","-1.5946667","Populus"
225,"Viridiplantae","-0.3314066","4.8600001","25554.4297","-1.5928890","Populus"
225,"Viridiplantae","-0.3422731","4.8699999","25725.6191","-1.6280000","Populus"
228,"Viridiplantae","-0.3339926","4.8200002","25790.9004","-1.6035242","Populus"
226,"Viridiplantae","-0.3321081","4.7300000","25662.5996","-1.5676991","Populus"
227,"Viridiplantae","-0.3343525","4.7300000","25776.7207","-1.5762115","Populus"
227,"Viridiplantae","-0.3339002","4.7700000","25822.8105","-1.5889868","Populus"
227,"Viridiplantae","-0.3313102","4.7700000","25804.7695","-1.5806167","Populus"
227,"Viridiplantae","-0.3293076","4.7300000","25691.6602","-1.5599118","Populus"
227,"Viridiplantae","-0.3252683","4.8200002","25764.7793","-1.5753304","Populus"
227,"Viridiplantae","-0.3404105","4.6500001","25645.5391","-1.5659292","Populus"
227,"Viridiplantae","-0.3313102","4.7700000","25818.8008","-1.5806167","Populus"
182,"Metazoa","-0.1864836","8.6499996","19678.4395","-1.3653846","Artemia"
112,"Viridiplantae","-0.2230148","8.7299995","12160.0400","-1.4723214","Vigna"
100,"Viridiplantae","-0.2276740","10.2299995","11005.9199","-1.2900000","Quercus"
112,"Viridiplantae","-0.2317510","10.1099997","12271.3203","-1.3562500","Quercus"
112,"Viridiplantae","-0.2080951","8.7299995","12176.0801","-1.4241071","Vigna"
144,"Viridiplantae","-0.1060996","9.4399996","14445.7998","-1.0784723","Lindernia"
151,"Viridiplantae","0.2605800","5.4699998","16189.9805","0.1258278","Lindernia"
242,"Viridiplantae","-0.1742525","6.1599998","25388.4004","-1.2367769","Glycine"
140,"Bacteria","0.0405371","4.6599998","14790.3301","-0.4878571","Solibacter"
102,"Bacteria","0.0493823","8.7500000","10880.7402","-0.5892157","Solibacter"
412,"Bacteria","0.1374072","5.9099998","42640.9297","-0.3128641","Rhodopseudomonas"
204,"Bacteria","0.0606393","6.5500002","21607.5898","-0.5686275","Rhodopseudomonas"
112,"Viridiplantae","-0.1560562","6.3600001","11530.1396","-1.1982143","Triticum"
507,"Viridiplantae","0.0122584","9.4700003","47880.8984","-0.7153846","Hordeum"
137,"Viridiplantae","-0.2154832","5.6999998","14725.0195","-1.3824818","Sorghum"
183,"Viridiplantae","-0.1769110","5.8000002","18414.0195","-1.2109290","Ammopiptanthus"
93,"Viridiplantae","0.1142096","10.4200001","9947.6201","-0.2376344","Prosopis"
229,"Viridiplantae","-0.1944518","6.7399998","24197.3594","-1.3947598","Malus"
103,"Viridiplantae","0.0599378","8.1800003","11258.8701","-0.5553398","Tamarix"
246,"Viridiplantae","-0.0986323","7.0200000","26222.3496","-1.0991870","Sporobolus"
97,"Viridiplantae","0.1477230","9.7500000","10570.4502","-0.2030928","Citrus"
468,"Viridiplantae","-0.1069834","5.5599999","50646.7383","-1.0916667","Phaseolus"
163,"Viridiplantae","-0.1305099","9.1999998","17028.0508","-1.1625767","Catharanthus"
137,"Viridiplantae","-0.3083234","6.6199999","15151.5498","-1.6824818","Citrus"
163,"Viridiplantae","-0.2844151","6.7199998","17668.8496","-1.6797546","Ginkgo"
285,"Viridiplantae","-0.0963596","4.9400001","30998.7207","-0.9217544","Triticum"
358,"Viridiplantae","-0.1321166","5.1999998","38833.0703","-1.1622905","Pisum"
124,"Viridiplantae","-0.2478492","9.4300003","13232.4004","-1.5032258","Vitis"
108,"Viridiplantae","-0.0257035","5.2500000","11207.1201","-0.8037037","Chlamydomonas"
159,"Viridiplantae","-0.0214875","8.8000002","16153.0996","-0.8295597","Brassica"
159,"Viridiplantae","-0.0194060","9.4700003","16211.2998","-0.8025157","Brassica"
227,"Viridiplantae","-0.1050407","9.7399998","22743.1094","-1.0629956","Triticum"
95,"Viridiplantae","-0.3546825","7.1300001","10533.8301","-1.8926316","Brassica"
148,"Bacteria","0.2650025","8.8299999","16289.0498","0.1195946","Bdellovibrio"
271,"Viridiplantae","-0.3094048","4.7800002","31010.1191","-1.4940959","Brassica"
554,"Viridiplantae","-0.1734965","5.5700002","59171.4609","-1.2303249","Physcomitrella"
183,"Viridiplantae","-0.0853027","6.7900000","19181.5898","-1.0207649","Brassica"
242,"Viridiplantae","-0.1721185","6.0700002","25279.2305","-1.2165289","Glycine"
226,"Viridiplantae","-0.2140015","5.9099998","23737.1309","-1.3433628","Glycine"
242,"Viridiplantae","-0.1672666","6.3200002","25555.6309","-1.2409091","Glycine"
226,"Viridiplantae","-0.2102607","6.0200000","23791.2598","-1.3455752","Glycine"
183,"Viridiplantae","-0.0853027","6.7900000","19181.5898","-1.0207649","Brassica"
95,"Viridiplantae","-0.2253500","7.4800000","10378.2803","-1.4747368","Pinus"
95,"Viridiplantae","-0.2733302","8.7700005","10935.0498","-1.4936842","Pinus"
95,"Viridiplantae","-0.2608573","7.6999998","10526.3896","-1.5894737","Pinus"
93,"Viridiplantae","-0.3058124","8.5799999","10318.1104","-1.6645161","Pinus"
93,"Viridiplantae","-0.2665469","8.1700001","10156.0098","-1.5376344","Pinus"
163,"Viridiplantae","-0.0738201","7.1399999","16981.0703","-1.0190184","Daucus"
181,"Viridiplantae","0.1779220","4.7500000","20138.2793","-0.0983425","Arabidopsis"
324,"Viridiplantae","0.0827112","4.4400001","35911.6797","-0.3037037","Arabidopsis"
182,"Viridiplantae","0.1989043","4.9000001","20017.0898","-0.0489011","Arabidopsis"
230,"Viridiplantae","-0.2609854","6.8600001","25876.1992","-1.5817391","Pistacia"
178,"Viridiplantae","0.1773157","4.5799999","19730.6699","-0.0803371","Brassica"
222,"Viridiplantae","-0.3651549","10.2900000","25633.4102","-1.6693695","Pinus"
259,"Viridiplantae","-0.1465673","6.0100002","26470.6191","-1.1667954","Vigna"
200,"Viridiplantae","-0.1032092","5.8200002","20514.9395","-1.0655000","Oryza"
167,"Viridiplantae","0.1561106","4.3299999","18384.4004","-0.1017964","Brassica"
143,"Viridiplantae","-0.2333782","6.1399999","16372.9805","-1.2860140","Mesembryanthemum"
166,"Viridiplantae","-0.0770671","9.7500000","17322.3301","-0.9710843","Glycine"
139,"Viridiplantae","-0.1244510","10.1000004","14241.8096","-1.0431654","Hordeum"
153,"Viridiplantae","-0.1615047","9.3100004","15923.3398","-1.2601306","Pseudotsuga"
164,"Viridiplantae","-0.1720810","9.5600004","17012.6797","-1.2774390","Pseudotsuga"
164,"Viridiplantae","-0.1591319","8.6599998","17013.6191","-1.2750000","Pseudotsuga"
468,"Viridiplantae","-0.1700069","6.4499998","49472.5391","-1.2677350","Prunus"
165,"Viridiplantae","-0.0857510","7.6399999","16673.5000","-1.0575758","Oryza"
320,"Viridiplantae","0.1886517","6.3200002","34763.1719","-0.1506250","Picea"
239,"Viridiplantae","0.0721903","7.8200002","26278.0098","-0.5200837","Picea"
152,"Viridiplantae","-0.1342239","3.8099999","16689.2598","-0.6401316","Picea"
197,"Viridiplantae","0.0689704","6.1900001","22485.2793","-0.5411168","Picea"
175,"Viridiplantae","-0.0472440","5.7199998","19130.3594","-0.8222857","Picea"
92,"Viridiplantae","0.0000000","10.3800001","10217.7197","-0.6402174","Picea"
202,"Viridiplantae","-0.3001397","5.0200000","22976.4199","-1.5584158","Phaseolus"
152,"Viridiplantae","0.2086706","4.7199998","16497.1406","-0.0210526","Glycine"
469,"Viridiplantae","-0.1083932","6.8200002","46804.4492","-1.0825160","Triticum"
190,"Viridiplantae","-0.1379518","9.8400002","20582.6895","-1.1242105","Picea"
205,"Viridiplantae","-0.0789435","7.7300000","20753.6191","-1.0356098","Hordeum"
265,"Viridiplantae","-0.2758895","4.4400001","29931.7109","-1.2573586","Arabidopsis"
128,"Viridiplantae","-0.1078173","9.7200003","13436.6104","-1.0531250","Arabidopsis"
193,"Viridiplantae","-0.1525833","9.9099998","20912.3594","-1.1730570","Arabidopsis"
214,"Viridiplantae","-0.0912936","9.6599998","22078.1191","-1.0000000","Oryza"
289,"Viridiplantae","-0.2383738","5.4200001","31444.5703","-1.3159170","Zea"
154,"Viridiplantae","-0.1139938","10.1800003","16277.3301","-1.0019481","Sorghum"
145,"Viridiplantae","-0.1693867","6.9600000","15803.1504","-1.3055172","Gossypium"
302,"Viridiplantae","-0.1479217","5.6500001","33439.9609","-1.2049669","Gossypium"
224,"Viridiplantae","-0.1142129","9.3599997","23241.5098","-1.1062500","Triticum"
100,"Viridiplantae","0.1208371","9.1099997","10940.7100","-0.2930000","Gossypium"
127,"Viridiplantae","-0.1095942","9.7200003","13379.5400","-1.0582677","Arabidopsis"
102,"Bacteria","-0.2598035","12.6099997","11580.5303","-1.0813725","Arthrobacter"
618,"Bacteria","0.1620167","4.6799998","61093.5781","-0.1627832","Stigmatella"
647,"Bacteria","0.1606984","4.6799998","64202.2305","-0.1712519","Myxococcus"
256,"Bacteria","0.2323799","10.3900003","26891.7793","0.1093750","Myxococcus"
189,"Viridiplantae","-0.0076573","9.8599997","20019.2793","-0.7026455","Arabidopsis"
114,"Viridiplantae","-0.0199113","7.5799999","12002.7197","-0.8447368","Arabidopsis"
407,"Bacteria","0.1100528","5.9099998","42861.1992","-0.4009828","Rhodopseudomonas"
226,"Bacteria","0.0314239","6.1999998","23795.1309","-0.6646018","Rhodopseudomonas"
115,"Bacteria","-0.0096117","4.4800000","12289.5498","-0.6147826","Saccharophagus"
407,"Bacteria","0.1144114","5.6300001","42550.6797","-0.3710074","Rhodopseudomonas"
310,"Bacteria","0.0827751","4.8600001","35797.5898","-0.3774194","Chlorobium"
175,"Viridiplantae","-0.0605637","5.5300002","19111.2793","-0.8468571","Picea"
143,"Bacteria","-0.0869527","4.7300000","16135.9004","-0.9258741","Streptococcus"
197,"Viridiplantae","-0.3211976","11.0799999","21928.4297","-1.4411168","Brassica"
280,"Viridiplantae","-0.1055909","7.8800001","30380.4707","-1.0985714","Brassica"
160,"Viridiplantae","-0.3255898","10.2299995","17456.3008","-1.6306250","Brassica"
268,"Viridiplantae","-0.0500511","7.2500000","29244.1895","-0.9421642","Brassica"
91,"Viridiplantae","-0.1866126","9.9300003","9887.2197","-1.2769231","Pseudotsuga"
85,"Viridiplantae","-0.1692503","10.1000004","9232.5000","-1.1752940","Pseudotsuga"
87,"Viridiplantae","-0.1758167","10.1599998","9401.7197","-1.2000000","Pseudotsuga"
85,"Viridiplantae","-0.1794467","10.1599998","9202.4805","-1.2082353","Pseudotsuga"
83,"Viridiplantae","-0.1832516","10.1599998","8989.2100","-1.2168674","Pseudotsuga"
166,"Viridiplantae","0.2253168","4.2700000","17849.6895","0.1228916","Arabidopsis"
150,"Viridiplantae","0.2005339","4.9200001","16531.1504","-0.0246667","Pyrus"
227,"Viridiplantae","-0.0971347","5.0200000","24515.0195","-0.9947137","Morus"
112,"Viridiplantae","-0.2217209","9.4099998","12209.1201","-1.4392858","Vigna"
106,"Viridiplantae","-0.2515527","7.7199998","11433.0801","-1.5933962","Poncirus"
112,"Viridiplantae","-0.2236430","5.4299998","12166.9502","-1.3589286","Arabidopsis"
186,"Viridiplantae","-0.1188191","7.4400001","18482.6504","-1.1645161","Arabidopsis"
132,"Viridiplantae","-0.2870866","9.6199999","14059.7100","-1.5613636","Pinus"
132,"Viridiplantae","-0.2816207","9.4399996","14033.6797","-1.5681818","Pinus"
132,"Viridiplantae","-0.2833332","9.5900002","13989.6699","-1.5492424","Pinus"
132,"Viridiplantae","-0.2835695","9.5900002","14012.7002","-1.5500000","Pinus"
132,"Viridiplantae","-0.2856794","9.6099997","14031.7002","-1.5568182","Pinus"
132,"Viridiplantae","-0.2901333","9.5900002","14047.7500","-1.5712121","Pinus"
132,"Viridiplantae","-0.2922431","9.6099997","14052.7197","-1.5780303","Pinus"
132,"Viridiplantae","-0.2908358","9.5900002","14024.7100","-1.5734848","Pinus"
132,"Viridiplantae","-0.2842721","9.5900002","14003.6904","-1.5522727","Pinus"
132,"Viridiplantae","-0.2681838","9.1899996","14004.6299","-1.5492424","Pinus"
132,"Viridiplantae","-0.2901333","9.5900002","14033.7197","-1.5712121","Pinus"
132,"Viridiplantae","-0.2915405","9.6099997","14061.7305","-1.5757576","Pinus"
408,"Viridiplantae","0.1733173","6.5900002","45159.8711","-0.1965686","Arabidopsis"
249,"Viridiplantae","-0.3148755","5.1100001","28317.8906","-1.5903614","Prunus"
164,"Viridiplantae","-0.1075924","9.7700005","16726.8594","-1.0493902","Oryza"
164,"Viridiplantae","-0.1024979","9.7900000","16539.5508","-1.0329268","Oryza"
408,"Viridiplantae","0.1685669","6.3200002","45204.8711","-0.1960784","Arabidopsis"
185,"Viridiplantae","-0.0996108","6.4499998","19300.5996","-1.0324324","Arabidopsis"
171,"Viridiplantae","-0.2906244","6.6100001","18983.2891","-1.6251462","Citrus"
195,"Viridiplantae","-0.1367772","5.6999998","19749.9297","-1.1230769","Avicennia"
195,"Viridiplantae","-0.1334452","5.6999998","19822.0391","-1.1123077","Avicennia"
227,"Viridiplantae","-0.3243138","4.8200002","25678.6797","-1.5722467","Populus"
235,"Viridiplantae","-0.2654660","7.6799998","27233.7793","-1.6382979","Citrus"
234,"Viridiplantae","-0.3218610","5.5000000","26676.9805","-1.6410255","Citrus"
197,"Viridiplantae","-0.2039459","5.3400002","22049.4707","-1.2918782","Brassica"
227,"Viridiplantae","-0.2340823","5.1999998","25105.2695","-1.4088106","Coffea"
169,"Viridiplantae","-0.1596065","6.9400001","17775.7207","-1.2579882","Nicotiana"
155,"Viridiplantae","-0.0930042","9.3800001","15562.3398","-1.0393548","Aster"
152,"Viridiplantae","0.2234610","4.9299998","16690.4199","-0.0157895","Glycine"
133,"Viridiplantae","-0.2612511","5.0999999","14606.8799","-1.4789474","Hordeum"
104,"Viridiplantae","-0.1623401","9.8999996","11074.7998","-1.1807692","Helianthus"
93,"Viridiplantae","-0.1843894","6.7300000","9963.1104","-1.3763441","Hordeum"
153,"Viridiplantae","-0.2711062","5.3400002","16898.7207","-1.5509804","Hordeum"
91,"Viridiplantae","0.0995099","10.4300003","9697.2998","-0.2813187","Populus"
93,"Viridiplantae","-0.2045652","5.2199998","9974.0801","-1.3720430","Hordeum"
97,"Viridiplantae","0.0294888","10.0600004","11226.3398","-0.5185567","Medicago"
333,"Viridiplantae","-0.0775361","5.9499998","35666.6094","-0.9921922","Oryza"
182,"Metazoa","-0.2002571","6.6700001","19716.3809","-1.4098901","Artemia"
178,"Viridiplantae","-0.0091656","9.5500002","18651.0508","-0.7556180","Chlorella"
518,"Viridiplantae","-0.0231101","7.0799999","52228.0391","-0.8426641","Hordeum"
104,"Viridiplantae","-0.0571171","6.0999999","10805.2803","-0.9028846","Chlorella"
187,"Metazoa","-0.3947543","10.6800003","22337.9902","-1.7278075","Brugia"
174,"Viridiplantae","0.1239907","4.3400002","19125.3398","-0.1568966","Solanum"
97,"Viridiplantae","0.0325820","10.5100002","10701.5098","-0.4752577","Nicotiana"
143,"Viridiplantae","-0.0961290","8.7100000","14443.8301","-1.0685315","Hordeum"
161,"Viridiplantae","-0.0895148","8.7500000","16164.9902","-1.0496894","Hordeum"
158,"Viridiplantae","-0.3183020","7.0999999","17455.3906","-1.7886076","Picea"
167,"Viridiplantae","-0.3025072","7.1300001","18323.5293","-1.7385542","Picea"
169,"Viridiplantae","-0.3338590","6.4600000","18899.0801","-1.7828403","Picea"
137,"Viridiplantae","-0.1072992","8.7100000","14121.5195","-1.1036496","Hordeum"
171,"Viridiplantae","-0.2633716","7.5999999","18512.5703","-1.6315789","Picea"
140,"Viridiplantae","-0.2903448","9.7299995","15037.4502","-1.6264286","Picea"
197,"Viridiplantae","-0.1550826","6.0000000","20441.7207","-1.1832488","Pisum"
184,"Viridiplantae","-0.0719760","6.5300002","19110.4199","-0.9603261","Raphanus"
167,"Bacteria","0.3174110","8.1700001","18201.4492","0.2646707","Geobacter"
167,"Bacteria","0.2444818","8.5600004","18652.2793","0.0676647","Geobacter"
314,"Viridiplantae","0.0484212","4.3800001","34947.0117","-0.3872611","Populus"
326,"Viridiplantae","0.0289166","4.4400001","36177.6484","-0.4788344","Picea"
92,"Viridiplantae","-0.0051077","10.6899996","9603.1104","-0.5510870","Populus"
92,"Viridiplantae","0.0260490","10.4300003","9632.1104","-0.5206522","Populus"
114,"Viridiplantae","0.1538287","7.2199998","12160.1699","-0.2833333","Picea"
109,"Viridiplantae","0.0662452","8.8299999","11903.9297","-0.5366972","Picea"
114,"Viridiplantae","0.1398972","6.3600001","12190.2402","-0.3000000","Picea"
144,"Viridiplantae","0.0940787","7.4099998","16019.0596","-0.4763889","Picea"
109,"Viridiplantae","0.0667238","9.5500002","11809.8203","-0.5055046","Picea"
104,"Viridiplantae","0.0348146","9.6099997","11264.9902","-0.6057692","Picea"
110,"Viridiplantae","0.0633571","10.2700005","12000.0801","-0.4581818","Picea"
90,"Viridiplantae","0.0095549","10.7600002","9918.4199","-0.5700000","Picea"
110,"Viridiplantae","0.0659792","10.0200005","11915.9297","-0.4790909","Picea"
95,"Viridiplantae","-0.0154704","10.5900002","10654.3799","-0.6263158","Picea"
95,"Viridiplantae","0.0934279","10.9600000","9478.7402","-0.3084211","Hordeum"
99,"Viridiplantae","0.0968066","10.0500002","10421.0898","-0.3696970","Vigna"
92,"Viridiplantae","-0.3025810","5.0000000","10038.2500","-1.6880435","Helianthus"
101,"Viridiplantae","-0.2028307","5.7700000","10742.2197","-1.4039603","Medicago"
156,"Bacteria","0.0830174","9.8900003","15547.0898","-0.4500000","Caulobacter"
152,"Viridiplantae","-0.1224885","7.6599998","15525.0596","-1.1763158","Triticum"
292,"Viridiplantae","-0.1432668","5.5799999","31093.6094","-1.0773973","Oryza"
140,"Fungi","-0.0862407","10.2100000","14942.0703","-0.8514286","Aspergillus"
160,"Viridiplantae","-0.0232508","9.7200003","16255.3701","-0.7950000","Thellungiella"
110,"Viridiplantae","-0.2834894","6.5599999","11848.4297","-1.5790910","Pisum"
105,"Viridiplantae","-0.2779538","5.2399998","11492.9004","-1.6171429","Glycine"
298,"Bacteria","-0.0147991","6.2399998","30934.1191","-0.8174497","Deinococcus"
260,"Viridiplantae","-0.2525797","4.8099999","29551.6406","-1.3480769","Arabidopsis"
313,"Viridiplantae","0.2647392","5.6199999","33756.2383","0.1060703","Craterostigma"
201,"Viridiplantae","-0.1045730","9.4499998","21943.0098","-1.0701493","Craterostigma"
159,"Viridiplantae","-0.0874570","8.1300001","16374.1299","-1.0427673","Daucus"
173,"Viridiplantae","-0.2088747","5.2199998","18884.7793","-1.3994220","Glycine"
117,"Viridiplantae","-0.1624432","8.1899996","12217.1299","-1.2777778","Craterostigma"
155,"Viridiplantae","-0.1535513","10.2200003","15570.2695","-1.1516129","Craterostigma"
88,"Viridiplantae","-0.1334359","10.0200005","9259.6104","-1.0647727","Solanum"
164,"Viridiplantae","0.1945943","5.5900002","17493.0508","-0.0530488","Chlamydomonas"
152,"Viridiplantae","-0.2803821","5.8000002","16729.5098","-1.5802633","Brassica"
88,"Viridiplantae","-0.2653151","5.7399998","9586.6396","-1.6011364","Brassica"
88,"Viridiplantae","-0.2832499","5.7399998","9631.7002","-1.6590909","Brassica"
152,"Viridiplantae","-0.2727844","6.0000000","16675.4902","-1.5769737","Brassica"
91,"Viridiplantae","-0.2886048","4.9299998","9775.8398","-1.6065934","Brassica"
219,"Viridiplantae","-0.3137679","5.1700001","24615.2695","-1.6173517","Capsicum"
226,"Viridiplantae","-0.2192840","9.5500002","24551.9297","-1.4318584","Brassica"
226,"Viridiplantae","-0.2232520","9.3400002","24561.0000","-1.4446903","Brassica"
143,"Metazoa","-0.2770332","5.0000000","16030.5498","-1.5853148","Aphelenchus"
400,"Viridiplantae","-0.1729419","6.7199998","44250.0000","-1.3070000","Cornus"
440,"Viridiplantae","-0.1544082","6.3099999","48624.3789","-1.2206818","Cornus"
179,"Viridiplantae","-0.0564613","9.1899996","18292.5000","-0.9268156","Triticum"
102,"Viridiplantae","-0.4117618","7.3200002","11557.1504","-2.0794117","Glycine"
110,"Viridiplantae","-0.1754820","5.7800002","11972.6699","-1.3181818","Gossypium"
102,"Viridiplantae","-0.1694550","5.2199998","11073.5801","-1.2647059","Gossypium"
193,"Viridiplantae","-0.1171618","7.4400001","21171.1191","-1.1590674","Lindernia"
70,"Metazoa","-0.1108105","6.9800000","7521.3599","-1.1385714","Steinernema"
85,"Metazoa","-0.3488555","6.4600000","9991.0996","-1.8317647","Steinernema"
102,"Metazoa","-0.1942424","6.6500001","11657.3398","-1.3764706","Steinernema"
95,"Metazoa","-0.1805076","5.1700001","10570.0596","-1.1936842","Steinernema"
87,"Metazoa","-0.1908547","5.1199999","9756.0000","-1.2114943","Steinernema"
90,"Viridiplantae","-0.1575513","5.5599999","9702.7998","-1.2177778","Elaeis"
89,"Viridiplantae","-0.0959648","4.5200000","9437.4404","-0.9089888","Glycine"
89,"Viridiplantae","-0.0761475","4.5200000","9459.5303","-0.8449438","Glycine"
89,"Viridiplantae","-0.1179809","4.4099998","9509.5000","-0.9438202","Glycine"
89,"Viridiplantae","-0.0890117","4.5200000","9497.5596","-0.8865169","Glycine"
89,"Viridiplantae","-0.1273685","4.4099998","9513.5098","-0.9741573","Glycine"
89,"Viridiplantae","-0.1140454","4.5200000","9425.3896","-0.9674157","Glycine"
89,"Viridiplantae","-0.1056998","4.5200000","9453.4502","-0.9404494","Glycine"
89,"Viridiplantae","-0.0834479","4.3600001","9457.5303","-0.8685393","Glycine"
136,"Viridiplantae","-0.3169648","6.2700000","14584.6699","-1.6147059","Medicago"
215,"Viridiplantae","-0.1746433","8.1499996","23036.0703","-1.3297673","Isatis"
153,"Viridiplantae","-0.2609983","5.2700000","16876.7793","-1.5816993","Bromus"
82,"Viridiplantae","-0.1627756","6.1300001","8777.7305","-1.2670732","Phaseolus"
140,"Viridiplantae","-0.2303884","9.3400002","15099.4902","-1.4557143","Glycine"
391,"Viridiplantae","-0.0913792","7.0300002","38825.8398","-1.0427110","Triticum"
165,"Viridiplantae","-0.2908170","4.7500000","18618.9707","-1.4460607","Lavatera"
259,"Viridiplantae","-0.1494670","4.9200001","27948.7695","-1.0513514","Triticum"
268,"Viridiplantae","-0.1279098","4.9899998","28840.9199","-0.9888060","Triticum"
258,"Viridiplantae","-0.1150138","6.2100000","26350.9102","-1.0895349","Helianthus"
1429,"Viridiplantae","0.1889127","8.6199999","159210.9375","-0.1450665","Chlamydomonas"
251,"Viridiplantae","0.2172066","11.8199997","26046.0391","0.1274900","Chlamydomonas"
420,"Metazoa","0.0773747","5.0100002","44545.1406","-0.4611905","Adineta"
376,"Metazoa","0.0841682","5.1100001","39739.0703","-0.4569149","Adineta"
84,"Viridiplantae","-0.2766769","5.5500002","9181.0703","-1.5976191","Brassica"
92,"Viridiplantae","-0.1863275","7.2900000","9949.2598","-1.3826087","Arabidopsis"
94,"Viridiplantae","-0.1820373","4.9600000","9988.1602","-1.3000000","Triticum"
86,"Viridiplantae","-0.3842118","7.6700001","9825.1396","-2.0220931","Solanum"
102,"Metazoa","-0.2455755","4.5900002","11534.0996","-1.3205882","Steinernema"
351,"Fungi","-0.0441095","6.7300000","34765.9883","-0.8769231","Tuber"
113,"Viridiplantae","-0.1764587","6.1700001","12174.0000","-1.3221239","Daucus"
94,"Viridiplantae","-0.1913601","4.7500000","9974.0898","-1.2957447","Bromus"
133,"Viridiplantae","-0.2245931","8.6999998","14330.6396","-1.4819549","Paraboea"
228,"Viridiplantae","-0.0323258","6.7500000","23239.7207","-0.8565789","Oryza"
113,"Viridiplantae","-0.1747293","7.3899999","12169.9697","-1.3451327","Quercus"
145,"Viridiplantae","-0.1085393","4.9000001","16197.8301","-0.9751724","Gossypium"
236,"Viridiplantae","-0.1290875","8.6800003","25100.4902","-1.1838983","Cornus"
566,"Viridiplantae","-0.1730782","7.9099998","60574.4102","-1.3397527","Cornus"
91,"Viridiplantae","-0.1649560","6.1500001","9729.9102","-1.2780221","Picea"
91,"Viridiplantae","-0.2213996","5.7399998","9771.8799","-1.4604396","Picea"
131,"Viridiplantae","-0.2453371","7.7199998","14090.2900","-1.5732824","Elaeis"
93,"Viridiplantae","-0.2045652","5.2300000","9988.1104","-1.3720430","Triticum"
173,"Viridiplantae","0.4121019","9.9499998","18289.7695","0.6260116","Oryza"
157,"Viridiplantae","-0.1468366","8.6700001","16660.4609","-1.2343949","Solanum"
99,"Viridiplantae","-0.2534883","5.5999999","10808.0996","-1.5343434","Robinia"
99,"Viridiplantae","-0.2217186","7.1599998","10942.4199","-1.4969697","Vigna"
91,"Viridiplantae","-0.1498813","7.1500001","9684.8496","-1.2648352","Zea"
226,"Viridiplantae","-0.2087108","6.1199999","23721.1797","-1.3548673","Glycine"
83,"Viridiplantae","-0.2614307","7.1500001","8981.9297","-1.6253012","Raphanus"
226,"Viridiplantae","-0.2099431","6.1199999","23717.1895","-1.3588496","Glycine"
262,"Viridiplantae","-0.1495150","4.9200001","28187.0391","-1.0416031","Triticum"
463,"Viridiplantae","-0.1432278","6.2700000","50650.5117","-1.2293737","Glycine"
243,"Viridiplantae","-0.1913027","6.0700002","25662.6992","-1.2790123","Glycine"
92,"Viridiplantae","-0.1809451","7.3000002","9918.2100","-1.3652174","Daucus"
112,"Viridiplantae","-0.2161957","9.4099998","12198.1396","-1.4214286","Vigna"
110,"Viridiplantae","-0.1760365","5.4499998","11942.5898","-1.2318182","Zea"
112,"Viridiplantae","-0.2266991","6.2600002","12229.9805","-1.4553571","Robinia"
93,"Viridiplantae","-0.1948097","5.2500000","9964.0898","-1.3752688","Triticum"
313,"Viridiplantae","0.2647392","5.6199999","33756.2383","0.1060703","Craterostigma"
88,"Viridiplantae","-0.1647850","11.8500004","9797.4697","-0.7988636","Hordeum"
260,"Viridiplantae","0.1242912","4.5300002","26496.2695","-0.2669231","Medicago"
205,"Viridiplantae","-0.1721789","10.4200001","22082.5293","-1.1634146","Picea"
183,"Viridiplantae","-0.1724798","10.3800001","19836.7891","-1.1612022","Picea"
255,"Viridiplantae","-0.1595669","4.9299998","27669.4004","-1.0933332","Hordeum"
364,"Metazoa","-0.0458855","5.9600000","38908.6211","-0.8843407","Artemia"
357,"Metazoa","-0.1128539","4.7700000","39175.4609","-1.0274510","Artemia"
633,"Bacteria","0.0869764","4.5000000","68130.9688","-0.3206951","Desulfotalea"
294,"Bacteria","0.1927515","4.8600001","31387.0293","-0.0476190","Desulfotalea"
518,"Bacteria","0.2391247","5.1999998","55654.1211","0.0297297","Desulfotalea"
172,"Viridiplantae","-0.3311316","6.0900002","19133.3203","-1.7377907","Picea"
169,"Viridiplantae","-0.2996837","6.6999998","18735.9492","-1.7106509","Picea"
234,"Viridiplantae","-0.2504639","8.1400003","25396.1094","-1.5760684","Picea"
176,"Viridiplantae","-0.3340635","6.2300000","19552.7500","-1.7681818","Picea"
376,"Metazoa","0.0789570","5.0300002","39797.1016","-0.4651596","Adineta"
421,"Metazoa","0.0730139","4.9000001","44603.1484","-0.4600950","Adineta"
168,"Viridiplantae","-0.1244031","9.3199997","17078.1094","-1.1440476","Zea"
238,"Viridiplantae","0.0492402","4.5200000","24186.7891","-0.4991597","Lilium"
216,"Viridiplantae","-0.2475103","5.1900001","24076.5391","-1.3708333","Pisum"
95,"Viridiplantae","-0.1927861","5.2600002","10166.4102","-1.3694737","Oryza"
209,"Viridiplantae","-0.2830354","5.0799999","23672.2695","-1.5095694","Solanum"
95,"Viridiplantae","-0.1590191","5.5700002","10085.3701","-1.2263159","Vitis"
555,"Viridiplantae","-0.1171533","5.5100002","60268.0000","-1.1241441","Daucus"
326,"Viridiplantae","0.0198789","9.4600000","31256.5703","-0.6865031","Oryza"
93,"Viridiplantae","-0.1927973","4.8099999","10061.2998","-1.2645161","Triticum"
93,"Viridiplantae","-0.2034611","5.2600002","10019.1797","-1.4032258","Triticum"
166,"Viridiplantae","-0.0562892","4.5700002","17163.1309","-0.8066265","Triticum"
152,"Viridiplantae","-0.2589327","5.6799998","16614.4102","-1.4684211","Arabidopsis"
92,"Viridiplantae","-0.1937259","7.2900000","9935.2402","-1.4065217","Arabidopsis"
551,"Viridiplantae","-0.0276309","5.8200002","59561.6992","-0.8286751","Pisum"
243,"Viridiplantae","-0.3209790","4.8800001","27992.5508","-1.5650206","Brassica"
248,"Viridiplantae","-0.2220838","4.8800001","27754.5508","-1.3157258","Salvia"
106,"Viridiplantae","-0.1792285","9.9300003","10973.6396","-1.2377357","Sorghum"
117,"Viridiplantae","-0.2475976","7.0200000","12277.9697","-1.5529915","Phoenix"
272,"Viridiplantae","-0.1594024","5.9800000","28332.5801","-1.1759259","Prunus"
202,"Viridiplantae","-0.0986427","5.2800002","21763.2500","-0.9232673","Hyacinthus"
160,"Viridiplantae","-0.1408991","9.7700005","16788.5508","-1.1550000","Hippophae"
268,"Viridiplantae","-0.1834283","7.1500001","28717.1895","-1.3611940","Prunus"
73,"Viridiplantae","-0.2944916","11.9499998","7794.8301","-1.2452055","Paspalum"
94,"Viridiplantae","-0.2654233","8.5699997","10390.3096","-1.5351064","Pinus"
320,"Viridiplantae","-0.3033136","6.2600002","35178.3516","-1.6900001","Vaccinium"
218,"Viridiplantae","-0.3080865","6.6500001","23805.6895","-1.7316514","Vaccinium"
208,"Viridiplantae","-0.2898302","6.7500000","22954.8203","-1.6860577","Vaccinium"
131,"Viridiplantae","-0.3021625","6.5999999","14320.2598","-1.7076336","Vaccinium"
101,"Viridiplantae","-0.0664980","8.9399996","10154.3301","-0.9633663","Phillyrea"
126,"Viridiplantae","-0.1131233","7.6300001","13152.2002","-1.1460317","Phillyrea"
262,"Viridiplantae","0.1300026","4.4600000","28958.7695","-0.1629771","Prunus"
86,"Viridiplantae","0.1243249","9.9099998","9420.8398","-0.3034884","Pseudotsuga"
86,"Viridiplantae","0.1066952","9.9099998","9380.7598","-0.3604651","Pseudotsuga"
86,"Viridiplantae","0.1229993","8.9799995","9361.7197","-0.3453488","Pseudotsuga"
86,"Viridiplantae","0.1143626","8.9799995","9333.6602","-0.3732558","Pseudotsuga"
173,"Viridiplantae","-0.0936197","10.0100002","17580.8301","-0.9895954","Glycine"
152,"Viridiplantae","-0.0980464","10.1899996","15583.5195","-0.9697368","Glycine"
86,"Viridiplantae","-0.0179928","12.1999998","9361.8604","-0.4627907","Pseudotsuga"
90,"Viridiplantae","-0.3212463","12.4300003","9826.2500","-1.2800000","Onoclea"
179,"Viridiplantae","-0.2821713","6.6300001","19797.2109","-1.6201117","Poncirus"
147,"Viridiplantae","0.1792051","5.4600000","16114.5195","-0.1353741","Arachis"
93,"Viridiplantae","0.1684332","9.7900000","9615.0996","-0.1666667","Ananas"
95,"Viridiplantae","-0.2581436","4.9800000","10415.6602","-1.5126317","Arachis"
89,"Viridiplantae","-0.0904198","9.4600000","9666.2100","-1.0000000","Arachis"
259,"Viridiplantae","-0.1113344","7.0200000","26621.3398","-1.1277992","Helianthus"
259,"Viridiplantae","-0.1091455","7.6700001","26534.2695","-1.1332046","Helianthus"
82,"Viridiplantae","-0.2991137","10.1400003","8778.8301","-1.5500000","Panax"
113,"Viridiplantae","0.0194394","9.4600000","12291.5703","-0.6318584","Lactuca"
242,"Viridiplantae","-0.1983286","4.8499999","27033.7305","-1.2210743","Salvia"
244,"Viridiplantae","-0.0776918","7.6500001","25020.5293","-1.0315574","Tithonia"
246,"Viridiplantae","-0.0997048","6.5999999","25019.3809","-1.0764228","Helianthus"
246,"Viridiplantae","-0.1007573","7.6199999","25038.3906","-1.1060976","Helianthus"
240,"Viridiplantae","-0.0923352","7.0200000","24094.2793","-1.0654167","Helianthus"
240,"Viridiplantae","-0.1206556","6.4299998","24583.8203","-1.1300000","Helianthus"
246,"Viridiplantae","-0.1031011","6.5999999","25015.3906","-1.0873984","Helianthus"
241,"Viridiplantae","-0.1170570","6.6999998","24626.9004","-1.1319503","Helianthus"
240,"Viridiplantae","-0.1151111","6.4299998","24509.7305","-1.1120833","Helianthus"
242,"Viridiplantae","-0.0982240","6.4800000","24477.7500","-1.0578512","Helianthus"
246,"Viridiplantae","-0.1010478","6.9299998","24935.2793","-1.0939023","Helianthus"
244,"Viridiplantae","-0.0992493","7.6199999","24761.0898","-1.1012295","Helianthus"
246,"Viridiplantae","-0.1006708","6.9299998","24949.3008","-1.0926830","Helianthus"
246,"Viridiplantae","-0.0875893","6.9800000","24933.3398","-1.0504065","Helianthus"
220,"Viridiplantae","-0.1097412","6.1700001","22591.4395","-1.0763636","Helianthus"
616,"Viridiplantae","-0.1538057","6.0900002","68875.0781","-1.2250000","Populus"
236,"Viridiplantae","-0.1416566","7.0200000","24501.7598","-1.2245764","Helianthus"
237,"Viridiplantae","-0.0935179","7.6500001","23816.9492","-1.0827004","Helianthus"
239,"Viridiplantae","-0.1050383","6.6999998","24334.6504","-1.0928870","Helianthus"
253,"Viridiplantae","-0.0828479","7.6700001","25892.6094","-1.0482213","Helianthus"
257,"Viridiplantae","-0.1108668","6.6999998","26347.0293","-1.1136187","Helianthus"
257,"Viridiplantae","-0.0989079","7.0200000","26351.0703","-1.0875486","Helianthus"
252,"Viridiplantae","-0.1149129","6.6999998","25817.3691","-1.1261905","Helianthus"
252,"Viridiplantae","-0.1154047","6.6999998","25847.3906","-1.1277778","Helianthus"
252,"Viridiplantae","-0.1060717","6.6999998","25818.3906","-1.0976191","Helianthus"
252,"Viridiplantae","-0.1090191","6.6999998","25790.3301","-1.1071429","Helianthus"
259,"Viridiplantae","-0.1071515","7.0200000","26519.2500","-1.1142857","Helianthus"
169,"Viridiplantae","-0.2868057","8.1599998","19013.1602","-1.6881657","Quercus"
146,"Viridiplantae","-0.1844359","9.2900000","15538.0703","-1.3321918","Pinus"
144,"Viridiplantae","-0.1712260","9.2900000","15283.7695","-1.2888889","Pinus"
144,"Viridiplantae","-0.1715078","9.5900002","15211.7100","-1.2673610","Pinus"
203,"Viridiplantae","-0.2118811","7.0799999","21823.0801","-1.4492611","Pinus"
149,"Viridiplantae","-0.1242745","8.7200003","15246.7695","-1.1604027","Triticum"
139,"Viridiplantae","-0.1317387","9.3800001","14356.7305","-1.1597122","Aegilops"
120,"Viridiplantae","-0.1732987","9.1000004","12895.0898","-1.2866668","Glycine"
139,"Viridiplantae","-0.2797665","9.4200001","14749.4902","-1.5683453","Pinus"
139,"Viridiplantae","-0.2799889","9.4200001","14735.4600","-1.5690647","Pinus"
136,"Viridiplantae","-0.1665912","5.1900001","14865.2695","-1.2713234","Daucus"
294,"Viridiplantae","-0.2010412","4.6199999","33373.2695","-1.1003401","Arabidopsis"
303,"Viridiplantae","0.1791280","4.6300001","33626.8203","-0.0415842","Doryanthes"
68,"Viridiplantae","0.2126930","5.5799999","7525.7002","-0.0455882","Solanum"
95,"Viridiplantae","-0.0124343","10.5100002","10432.0400","-0.6505263","Picea"
93,"Viridiplantae","-0.0162332","10.5100002","10303.8799","-0.6591398","Picea"
93,"Viridiplantae","-0.0315388","10.5100002","10261.7998","-0.7086022","Picea"
93,"Viridiplantae","-0.0328714","10.4099998","10510.1104","-0.7129032","Picea"
105,"Viridiplantae","0.0288233","9.5699997","11777.6299","-0.6257143","Picea"
98,"Viridiplantae","0.0695538","10.4099998","10433.1104","-0.3908163","Solanum"
252,"Viridiplantae","-0.3176123","4.5999999","29003.7891","-1.5119048","Paraboea"
205,"Viridiplantae","-0.2630808","4.9499998","23152.7109","-1.3941463","Arabidopsis"
89,"Viridiplantae","-0.0998075","9.4600000","9742.3398","-1.0303371","Glycine"
187,"Viridiplantae","-0.1293280","9.4899998","20145.3105","-1.1465241","Arabidopsis"
228,"Viridiplantae","-0.1278223","6.8800001","23452.4805","-1.1793860","Helianthus"
259,"Viridiplantae","-0.1128050","6.6999998","26507.1992","-1.1200773","Helianthus"
82,"Viridiplantae","-0.1082926","4.8600001","8752.7002","-1.0121951","Phoenix"
252,"Viridiplantae","-0.1088954","6.6999998","25801.3691","-1.1067460","Helianthus"
457,"Viridiplantae","-0.1533232","6.5799999","48039.9883","-1.2264770","Prunus"
134,"Viridiplantae","-0.1271231","8.6999998","14163.4697","-1.1671642","Solanum"
134,"Viridiplantae","-0.1515175","9.6499996","14242.5801","-1.1977612","Solanum"
141,"Viridiplantae","-0.0456052","6.7399998","14241.5996","-0.9049645","Hordeum"
575,"Viridiplantae","-0.1350507","6.7199998","58514.8984","-1.1606957","Hordeum"
295,"Viridiplantae","-0.0557809","10.1899996","29156.4707","-0.8511864","Hordeum"
255,"Viridiplantae","-0.1594457","4.9299998","27729.5195","-1.0929412","Hordeum"
502,"Viridiplantae","0.0076284","8.5799999","47658.4805","-0.7494024","Hordeum"
247,"Viridiplantae","-0.0806675","8.6499996","24596.4609","-1.0280488","Hordeum"
155,"Viridiplantae","-0.1063243","8.7500000","15716.4004","-1.1032258","Hordeum"
143,"Viridiplantae","-0.0961290","8.7100000","14429.7998","-1.0685315","Hordeum"
130,"Viridiplantae","-0.2425530","9.9300003","13925.3398","-1.4400001","Vitis"
232,"Viridiplantae","-0.0039385","6.3099999","23465.0801","-0.7375000","Hordeum"
141,"Viridiplantae","-0.1132761","9.3500004","14290.6602","-1.1007092","Hordeum"
295,"Viridiplantae","-0.0554666","10.1899996","29179.5098","-0.8501695","Hordeum"
255,"Viridiplantae","-0.1652712","4.9299998","27673.4004","-1.1117647","Hordeum"
486,"Viridiplantae","0.0037716","9.3100004","46163.7188","-0.7483539","Hordeum"
575,"Viridiplantae","-0.1383677","6.6100001","58509.7812","-1.1601739","Hordeum"
205,"Viridiplantae","-0.0862356","8.6700001","20658.5391","-1.0434146","Hordeum"
155,"Viridiplantae","-0.1055248","8.7500000","15686.3799","-1.1006452","Hordeum"
139,"Viridiplantae","-0.1061348","9.3599997","14237.6699","-1.0769784","Hordeum"
167,"Viridiplantae","-0.1169006","8.6999998","16957.9492","-1.1389222","Zea"
385,"Fungi","-0.0593815","7.0900002","37217.0508","-0.9555844","Candida"
208,"Viridiplantae","-0.2914651","5.4099998","23625.2695","-1.5980769","Nicotiana"
168,"Viridiplantae","-0.1146407","9.3199997","17080.1191","-1.1125000","Zea"
335,"Viridiplantae","-0.0902816","7.4499998","36442.6797","-1.0722388","Arabidopsis"
295,"Viridiplantae","-0.2595948","5.1399999","33364.7188","-1.5427119","Arabidopsis"
120,"Viridiplantae","-0.0822593","10.2399998","13065.5098","-0.8308333","Arabidopsis"
266,"Viridiplantae","-0.1616158","8.0500002","29426.2305","-1.2906015","Arabidopsis"
225,"Viridiplantae","-0.1954306","9.3699999","24189.4707","-1.3688889","Arabidopsis"
169,"Viridiplantae","-0.1659059","7.4899998","18103.1504","-1.3165680","Arabidopsis"
191,"Viridiplantae","0.0565162","9.6999998","20581.1895","-0.4963351","Arabidopsis"
298,"Viridiplantae","-0.1160320","4.9899998","32563.1699","-1.0469799","Arabidopsis"
559,"Viridiplantae","0.0750462","5.6300001","58575.3203","-0.4858676","Arabidopsis"
158,"Viridiplantae","-0.0358695","9.9700003","16181.2803","-0.8145570","Arabidopsis"
337,"Viridiplantae","0.1181906","7.5400000","37823.7891","-0.3697329","Arabidopsis"
439,"Viridiplantae","-0.1065947","8.6999998","50091.0781","-1.0439636","Arabidopsis"
338,"Viridiplantae","0.1102367","8.1099997","37839.2812","-0.3668639","Arabidopsis"
341,"Viridiplantae","0.1868732","7.0000000","38270.7891","-0.1765396","Arabidopsis"
635,"Viridiplantae","-0.0863492","5.6700001","67204.7734","-0.9781102","Arabidopsis"
480,"Viridiplantae","0.0908897","8.5699997","52710.5000","-0.4597917","Arabidopsis"
71,"Viridiplantae","-0.2065123","4.9899998","7556.1499","-1.3112676","Arabidopsis"
280,"Bacteria","0.2569816","4.8899999","30148.6094","0.1192857","Marinomonas"
368,"Viridiplantae","0.0959987","4.7500000","41084.9102","-0.2945652","Oryza"
277,"Bacteria","0.3010229","10.3100004","28608.1309","0.2740072","Anaeromyxobacter"
151,"Viridiplantae","0.2145329","4.8600001","16548.2402","0.0198675","Oryza"
316,"Viridiplantae","0.0662486","4.6399999","34802.8984","-0.3822785","Oryza"
124,"Viridiplantae","-0.0431367","10.0600004","14420.0303","-0.7895161","Arabidopsis"
145,"Viridiplantae","0.1693000","5.7199998","15438.1797","-0.2110345","Oryza"
325,"Viridiplantae","0.0767903","4.4200001","36040.8086","-0.3135385","Arabidopsis"
195,"Bacteria","0.0048669","9.9200001","20147.4102","-0.6487179","Polaromonas"
97,"Viridiplantae","-0.1779726","10.1899996","10482.1602","-1.1556700","Arabidopsis"
344,"Viridiplantae","-0.0766323","6.4000001","36795.9883","-1.0093023","Oryza"
236,"Bacteria","-0.0577561","6.8299999","25769.8496","-0.9533898","Deinococcus"
136,"Bacteria","-0.2012146","4.1500001","14779.9199","-1.0742646","Pseudoalteromonas"
195,"Bacteria","-0.0055495","10.0900002","20059.3008","-0.6492308","Polaromonas"
185,"Bacteria","0.3018121","10.4499998","16326.6797","0.2821622","Burkholderia"
180,"Bacteria","0.3034843","10.4499998","15941.2598","0.2900000","Burkholderia"
153,"Bacteria","-0.0952695","4.2300000","16351.3896","-0.8137255","Actinobacillus"
183,"Bacteria","0.3087276","10.4499998","16138.4600","0.3054645","Burkholderia"
195,"Bacteria","0.0005809","9.8500004","19961.0898","-0.6625641","Polaromonas"
199,"Viridiplantae","-0.0291092","9.2900000","21126.0508","-0.8095477","Medicago"
331,"Viridiplantae","-0.1982756","9.1599998","37163.6914","-1.3821752","Arabidopsis"
364,"Viridiplantae","-0.1729949","4.0400000","38127.7500","-1.0109890","Arabidopsis"
400,"Viridiplantae","-0.0863191","8.8400002","41865.5117","-1.0432500","Oryza"
124,"Viridiplantae","-0.0285058","7.1500001","13055.2002","-0.8725806","Arabidopsis"
200,"Bacteria","-0.0161756","4.3400002","21078.3105","-0.6065000","Enterococcus"
277,"Viridiplantae","0.0673166","3.9400001","27925.3105","-0.2945848","Oryza"
342,"Viridiplantae","-0.2092216","9.2600002","38456.3008","-1.4093567","Arabidopsis"
471,"Viridiplantae","-0.0117119","6.4299998","47322.3203","-0.7908705","Oryza"
149,"Viridiplantae","-0.0761663","5.4000001","16047.0195","-0.9832215","Arabidopsis"
107,"Viridiplantae","0.1722386","4.1300001","11375.4902","0.0177570","Arabidopsis"
448,"Viridiplantae","-0.0997367","5.1500001","48499.0586","-1.0234375","Arabidopsis"
456,"Viridiplantae","-0.0614852","5.2399998","49844.4414","-0.9296053","Arabidopsis"
92,"Viridiplantae","-0.1513151","4.3400002","9713.9199","-1.0586957","Arabidopsis"
115,"Viridiplantae","0.3606068","6.6799998","13543.4404","0.4130435","Arabidopsis"
479,"Viridiplantae","-0.1552193","5.0000000","52090.9883","-1.1943634","Arabidopsis"
733,"Metazoa","-0.1630037","4.5799999","77051.1562","-1.1264666","Caenorhabditis"
91,"Viridiplantae","0.0565332","9.9300003","9828.3604","-0.4912088","Arabidopsis"
347,"Viridiplantae","0.1650588","7.6900001","38399.0703","-0.2097983","Arabidopsis"
124,"Viridiplantae","-0.1368108","7.6799998","12829.8701","-1.2225806","Triticum"
105,"Viridiplantae","0.0805173","9.9499998","11451.3096","-0.3971429","Gossypium"
151,"Viridiplantae","0.2118112","4.6100001","16424.9395","0.0324503","Gossypium"
151,"Viridiplantae","0.1947255","4.7600002","16241.6201","-0.0655629","Oryza"
180,"Viridiplantae","0.1070408","4.5300002","19753.8809","-0.2550000","Oryza"
151,"Viridiplantae","-0.0309787","6.1500001","16262.1396","-0.7735099","Arabidopsis"
408,"Viridiplantae","0.1713453","6.5900002","45175.8711","-0.2029412","Arabidopsis"
168,"Viridiplantae","-0.1419597","9.6300001","17163.2207","-1.1815476","Zea"
163,"Viridiplantae","-0.2932035","5.8200002","18257.5898","-1.6288344","Arabidopsis"
107,"Viridiplantae","-0.4503426","7.0300002","12051.7803","-2.2056074","Hordeum"
458,"Viridiplantae","-0.1368483","7.3299999","49406.1211","-1.2227074","Glycine"
98,"Viridiplantae","-0.3570514","6.7900000","10797.1699","-1.8683673","Arabidopsis"
140,"Fungi","-0.0862407","10.2100000","14942.0703","-0.8514286","Aspergillus"
111,"Viridiplantae","-0.1329863","8.7399998","11815.7500","-1.1810811","Craterostigma"
200,"Viridiplantae","-0.0979483","5.8200002","20516.9609","-1.0484999","Oryza"
92,"Viridiplantae","-0.4038248","6.8200002","10364.7402","-2.0152173","Oryza"
448,"Viridiplantae","-0.1038812","5.1500001","48541.1016","-1.0368304","Arabidopsis"
185,"Viridiplantae","-0.1985495","5.1199999","20789.0391","-1.2648649","Arabidopsis"
431,"Fungi","0.0967313","6.4600000","49538.1289","-0.4378190","Schizosaccharomyces"
684,"Fungi","0.0193118","9.7900000","75708.1797","-0.6377193","Schizosaccharomyces"
1236,"Fungi","-0.0824718","4.2300000","132565.4531","-0.7776699","Aspergillus"
262,"Viridiplantae","0.1322402","4.4499998","26747.4199","-0.1927481","Arabidopsis"
213,"Viridiplantae","0.2945018","10.2600002","23584.6094","0.3230047","Arabidopsis"
166,"Viridiplantae","0.2313409","4.3200002","17848.7109","0.1228916","Arabidopsis"
192,"Viridiplantae","0.0894888","4.5900002","19518.3594","-0.3734375","Arabidopsis"
385,"Viridiplantae","0.1671702","8.9300003","42534.4297","-0.1898701","Arabidopsis"
96,"Viridiplantae","-0.1529237","5.8600001","10396.7197","-1.2072917","Arabidopsis"
206,"Viridiplantae","0.0729377","10.5100002","22742.8496","-0.3407767","Arabidopsis"
109,"Viridiplantae","-0.1238741","7.1300001","11586.0801","-1.1807339","Arabidopsis"
347,"Viridiplantae","-0.1010560","5.1599998","37604.7305","-1.0046110","Arabidopsis"
87,"Viridiplantae","0.0556114","9.0400000","9298.7803","-0.5264368","Arabidopsis"
104,"Viridiplantae","0.1148780","9.9799995","10966.9004","-0.2538462","Arabidopsis"
256,"Viridiplantae","0.1062977","5.1199999","26782.5508","-0.3359375","Arabidopsis"
436,"Viridiplantae","-0.1392940","5.1300001","47166.2305","-1.1490825","Medicago"
1864,"Fungi","-0.1154619","3.9900000","197129.3125","-0.7427039","Pyrenophora"
277,"Bacteria","0.3060849","10.1700001","28589.0898","0.2787004","Anaeromyxobacter"
167,"Bacteria","0.3245264","9.9200001","17382.3496","0.3263473","Burkholderia"
163,"Bacteria","0.3472480","-9.0000000","-9.0000","-9.0000000","Burkholderia"
240,"Viridiplantae","-0.2888904","4.9400001","27073.3301","-1.4312500","Rhododendron"
278,"Viridiplantae","0.1164134","4.5900002","27713.3301","-0.2996403","Zea"
253,"Viridiplantae","0.1428163","4.6999998","25732.3301","-0.2422925","Glycine"
112,"Viridiplantae","-0.2161957","-9.0000000","-9.0000","-9.0000000","Vigna"
99,"Viridiplantae","-0.2217186","-9.0000000","-9.0000","-9.0000000","Vigna"
186,"Viridiplantae","-0.1243098","7.5900002","18466.5801","-1.1822581","Arabidopsis"
185,"Viridiplantae","-0.1258380","8.6300001","18337.4492","-1.1697297","Arabidopsis"
228,"Viridiplantae","-0.0323258","6.7500000","23239.7207","-0.8565789","Oryza"
202,"Viridiplantae","-0.1500922","9.1099997","21305.1406","-1.2333333","Prunus"
262,"Viridiplantae","-0.2571496","-9.0000000","-9.0000","-9.0000000","Cichorium"
261,"Viridiplantae","-0.0589816","-9.0000000","-9.0000","-9.0000000","Cichorium"
